EventID,Start Date,End Date,Peak Flood Level (m),Peak FL Date,Num Peak FL,Peak Discharge Q (cumec),Peak Discharge Date,Flood Volume (cumec),Event Duration (days),Time to Peak (days),Recession Time (day),Flood Type,GaugeID,Warning Level,Danger Level,Station,Latitude,Longitude,River Name/ Tributory/ SubTributory,Basin,State,Start_date,End_date,Level_Entries,Streamflow_Entries,Privacy,Source Catchment Area,Catchment Area,Area variation (%),Reliability,District
INDOFLOODS-gauge-318-9,2018-06-27,2018-06-27,6.6,2018-06-27,1,227.06,2018-06-27,227.06,1,1,1,Flood,INDOFLOODS-gauge-318,6.5,8.0,Haladi,13.5811,74.8536,Haladi,West flowing rivers from Tadri to Kanyakumari,Karnataka,30-12-1985,27-05-2020,12249,12086,Open,583.0,551.1911621,5.456061389,Safe,Udupi
INDOFLOODS-gauge-318-10,2018-08-13,2018-08-14,8.09,2018-08-13,1,777.14,2018-08-14,1066.59,2,1,2,Severe Flood,INDOFLOODS-gauge-318,6.5,8.0,Haladi,13.5811,74.8536,Haladi,West flowing rivers from Tadri to Kanyakumari,Karnataka,30-12-1985,27-05-2020,12249,12086,Open,583.0,551.1911621,5.456061389,Safe,Udupi
INDOFLOODS-gauge-318-11,2019-08-06,2019-08-06,6.9,2019-08-06,1,,,,1,1,1,Flood,INDOFLOODS-gauge-318,6.5,8.0,Haladi,13.5811,74.8536,Haladi,West flowing rivers from Tadri to Kanyakumari,Karnataka,30-12-1985,27-05-2020,12249,12086,Open,583.0,551.1911621,5.456061389,Safe,Udupi
INDOFLOODS-gauge-318-12,2019-08-10,2019-08-10,7.71,2019-08-10,1,,,,1,1,1,Flood,INDOFLOODS-gauge-318,6.5,8.0,Haladi,13.5811,74.8536,Haladi,West flowing rivers from Tadri to Kanyakumari,Karnataka,30-12-1985,27-05-2020,12249,12086,Open,583.0,551.1911621,5.456061389,Safe,Udupi
INDOFLOODS-gauge-319-26,2016-07-29,2016-07-31,605.5,2016-07-30,2,26.01,2016-07-30,77.43,3,2,2,Severe Flood,INDOFLOODS-gauge-319,605.25,605.5,T. bekkupe,12.5172,77.4369,Cauvery/Arkavathi,Cauvery,Karnataka,29-09-2003,27-05-2020,4911,4774,Open,3500.0,3298.440918,5.758830914,Safe,Ramanagara
INDOFLOODS-gauge-319-27,2017-05-27,2017-05-28,605.34,2017-05-27,2,21.32,2017-05-27,42.64,2,1,2,Flood,INDOFLOODS-gauge-319,605.25,605.5,T. bekkupe,12.5172,77.4369,Cauvery/Arkavathi,Cauvery,Karnataka,29-09-2003,27-05-2020,4911,4774,Open,3500.0,3298.440918,5.758830914,Safe,Ramanagara
INDOFLOODS-gauge-319-28,2017-08-14,2017-08-21,639.7,2017-08-14,8,11.08,2017-08-14,88.64,8,1,8,Severe Flood,INDOFLOODS-gauge-319,605.25,605.5,T. bekkupe,12.5172,77.4369,Cauvery/Arkavathi,Cauvery,Karnataka,29-09-2003,27-05-2020,4911,4774,Open,3500.0,3298.440918,5.758830914,Safe,Ramanagara
INDOFLOODS-gauge-319-29,2017-09-03,2017-09-04,605.54,2017-09-03,1,35.84,2017-09-03,67.26,2,1,2,Severe Flood,INDOFLOODS-gauge-319,605.25,605.5,T. bekkupe,12.5172,77.4369,Cauvery/Arkavathi,Cauvery,Karnataka,29-09-2003,27-05-2020,4911,4774,Open,3500.0,3298.440918,5.758830914,Safe,Ramanagara
INDOFLOODS-gauge-319-30,2017-09-07,2017-09-07,605.55,2017-09-07,1,40.67,2017-09-07,40.67,1,1,1,Severe Flood,INDOFLOODS-gauge-319,605.25,605.5,T. bekkupe,12.5172,77.4369,Cauvery/Arkavathi,Cauvery,Karnataka,29-09-2003,27-05-2020,4911,4774,Open,3500.0,3298.440918,5.758830914,Safe,Ramanagara
INDOFLOODS-gauge-319-31,2017-09-10,2017-09-15,608.1,2017-09-10,6,175.38,2017-09-10,1052.28,6,1,6,Severe Flood,INDOFLOODS-gauge-319,605.25,605.5,T. bekkupe,12.5172,77.4369,Cauvery/Arkavathi,Cauvery,Karnataka,29-09-2003,27-05-2020,4911,4774,Open,3500.0,3298.440918,5.758830914,Safe,Ramanagara
INDOFLOODS-gauge-319-32,2017-10-03,2017-10-04,605.71,2017-10-03,1,84.41,2017-10-03,125.3,2,1,2,Severe Flood,INDOFLOODS-gauge-319,605.25,605.5,T. bekkupe,12.5172,77.4369,Cauvery/Arkavathi,Cauvery,Karnataka,29-09-2003,27-05-2020,4911,4774,Open,3500.0,3298.440918,5.758830914,Safe,Ramanagara
INDOFLOODS-gauge-319-33,2017-10-13,2017-10-13,606.97,2017-10-13,1,0.0,2017-10-13,,1,1,1,Severe Flood,INDOFLOODS-gauge-319,605.25,605.5,T. bekkupe,12.5172,77.4369,Cauvery/Arkavathi,Cauvery,Karnataka,29-09-2003,27-05-2020,4911,4774,Open,3500.0,3298.440918,5.758830914,Safe,Ramanagara
INDOFLOODS-gauge-324-12,2018-07-11,2018-07-11,566.51,2018-07-11,1,79618.82,2018-07-11,79618.82,1,1,1,Flood,INDOFLOODS-gauge-324,566.5,567.5,Shimoga,13.9269,75.585,Krishna/Tungabhadra,Krishna,Karnataka,22-01-1972,27-05-2020,16912,16402,Open,2831.0,2832.652344,0.05836609,Safe,Shimoga
INDOFLOODS-gauge-324-13,2018-07-14,2018-07-14,566.56,2018-07-14,1,44578.55,2018-07-14,44578.55,1,1,1,Flood,INDOFLOODS-gauge-324,566.5,567.5,Shimoga,13.9269,75.585,Krishna/Tungabhadra,Krishna,Karnataka,22-01-1972,27-05-2020,16912,16402,Open,2831.0,2832.652344,0.05836609,Safe,Shimoga
INDOFLOODS-gauge-324-14,2019-08-06,2019-08-11,569.3,2019-08-09,1,,,,6,4,3,Severe Flood,INDOFLOODS-gauge-324,566.5,567.5,Shimoga,13.9269,75.585,Krishna/Tungabhadra,Krishna,Karnataka,22-01-1972,27-05-2020,16912,16402,Open,2831.0,2832.652344,0.05836609,Safe,Shimoga
INDOFLOODS-gauge-329-1,2019-08-07,2019-08-11,405.75,2019-08-09,1,,,,5,3,3,Severe Flood,INDOFLOODS-gauge-329,402.0,404.5,Deongaon bridge,17.1703,76.3283,Krishna/Bhima,Krishna,Karnataka,01-01-2018,27-05-2020,717,0,Open,50843.0,52106.02344,2.484163877,Safe,Afzalpura taluku
INDOFLOODS-gauge-338-8,2019-08-08,2019-08-20,338.48,2019-08-11,1,,,,13,4,10,Severe Flood,INDOFLOODS-gauge-338,334.511,335.511,Deosugur,16.3822,77.3572,Krishna,Krishna,Karnataka,01-06-1965,27-05-2020,5428,4733,Open,129500.0,124893.2734,3.557317838,Safe,Raichur
INDOFLOODS-gauge-346-14,2017-07-20,2017-07-20,14.98,2017-07-20,1,535.35,2017-07-20,535.35,1,1,1,Flood,INDOFLOODS-gauge-346,14.85,18.0,Avershe,13.5214,74.88,Sita,West flowing rivers from Tadri to Kanyakumari,Karnataka,25-06-2002,27-05-2020,6034,5833,Open,253.0,287.3398438,13.57306079,Safe,Udupi
INDOFLOODS-gauge-346-15,2019-08-06,2019-08-06,14.98,2019-08-06,1,,,,1,1,1,Flood,INDOFLOODS-gauge-346,14.85,18.0,Avershe,13.5214,74.88,Sita,West flowing rivers from Tadri to Kanyakumari,Karnataka,25-06-2002,27-05-2020,6034,5833,Open,253.0,287.3398438,13.57306079,Safe,Udupi
INDOFLOODS-gauge-349-162,2016-06-29,2016-06-30,14.24,2016-06-29,1,501.61,2016-06-29,924.08,2,1,2,Flood,INDOFLOODS-gauge-349,14.0,17.0,Santeguli,14.4344,74.5861,Aghanashini,West flowing rivers from Tadri to Kanyakumari,Karnataka,01-06-1988,27-05-2020,11364,11228,Open,1090.0,1027.7146,5.714256881,Safe,Uttara Kannada
INDOFLOODS-gauge-349-163,2016-07-05,2016-07-05,15.1,2016-07-05,1,782.51,2016-07-05,782.51,1,1,1,Flood,INDOFLOODS-gauge-349,14.0,17.0,Santeguli,14.4344,74.5861,Aghanashini,West flowing rivers from Tadri to Kanyakumari,Karnataka,01-06-1988,27-05-2020,11364,11228,Open,1090.0,1027.7146,5.714256881,Safe,Uttara Kannada
INDOFLOODS-gauge-349-164,2016-08-04,2016-08-05,14.98,2016-08-04,1,744.92,2016-08-04,1248.66,2,1,2,Flood,INDOFLOODS-gauge-349,14.0,17.0,Santeguli,14.4344,74.5861,Aghanashini,West flowing rivers from Tadri to Kanyakumari,Karnataka,01-06-1988,27-05-2020,11364,11228,Open,1090.0,1027.7146,5.714256881,Safe,Uttara Kannada
INDOFLOODS-gauge-349-165,2017-07-02,2017-07-02,14.32,2017-07-02,1,0.0,2017-07-02,,1,1,1,Flood,INDOFLOODS-gauge-349,14.0,17.0,Santeguli,14.4344,74.5861,Aghanashini,West flowing rivers from Tadri to Kanyakumari,Karnataka,01-06-1988,27-05-2020,11364,11228,Open,1090.0,1027.7146,5.714256881,Safe,Uttara Kannada
INDOFLOODS-gauge-349-166,2017-07-19,2017-07-22,16.05,2017-07-20,1,1056.0,2017-07-20,2739.38,4,2,3,Flood,INDOFLOODS-gauge-349,14.0,17.0,Santeguli,14.4344,74.5861,Aghanashini,West flowing rivers from Tadri to Kanyakumari,Karnataka,01-06-1988,27-05-2020,11364,11228,Open,1090.0,1027.7146,5.714256881,Safe,Uttara Kannada
INDOFLOODS-gauge-349-167,2017-08-29,2017-08-30,14.53,2017-08-29,1,585.36,2017-08-29,1125.25,2,1,2,Flood,INDOFLOODS-gauge-349,14.0,17.0,Santeguli,14.4344,74.5861,Aghanashini,West flowing rivers from Tadri to Kanyakumari,Karnataka,01-06-1988,27-05-2020,11364,11228,Open,1090.0,1027.7146,5.714256881,Safe,Uttara Kannada
INDOFLOODS-gauge-349-168,2018-07-06,2018-07-23,16.06,2018-07-10,1,1073.66,2018-07-10,10351.87,18,5,14,Flood,INDOFLOODS-gauge-349,14.0,17.0,Santeguli,14.4344,74.5861,Aghanashini,West flowing rivers from Tadri to Kanyakumari,Karnataka,01-06-1988,27-05-2020,11364,11228,Open,1090.0,1027.7146,5.714256881,Safe,Uttara Kannada
INDOFLOODS-gauge-349-169,2019-08-02,2019-08-20,18.92,2019-08-07,1,,,,19,6,14,Severe Flood,INDOFLOODS-gauge-349,14.0,17.0,Santeguli,14.4344,74.5861,Aghanashini,West flowing rivers from Tadri to Kanyakumari,Karnataka,01-06-1988,27-05-2020,11364,11228,Open,1090.0,1027.7146,5.714256881,Safe,Uttara Kannada
INDOFLOODS-gauge-355-30,2018-07-14,2018-07-14,891.6,2018-07-14,1,317.32,2018-07-14,317.32,1,1,1,Flood,INDOFLOODS-gauge-355,891.45,893.0,Sakleshpur,12.9528,75.7856,Cauvery/,Cauvery,Karnataka,05-04-2002,27-05-2020,6444,6085,Open,617.0,584.7731323,5.223155219,Safe,Hassan
INDOFLOODS-gauge-355-31,2019-08-08,2019-08-08,893.75,2019-08-08,1,,,,1,1,1,Severe Flood,INDOFLOODS-gauge-355,891.45,893.0,Sakleshpur,12.9528,75.7856,Cauvery/,Cauvery,Karnataka,05-04-2002,27-05-2020,6444,6085,Open,617.0,584.7731323,5.223155219,Safe,Hassan
INDOFLOODS-gauge-361-216,2017-10-06,2017-10-08,583.16,2017-10-06,1,137.66,2017-10-06,330.58,3,1,3,Severe Flood,INDOFLOODS-gauge-361,582.25,582.5,T.k.halli,12.4167,77.1925,Cauvery/Shimsha,Cauvery,Karnataka,12-06-1978,27-05-2020,14021,14063,Open,7890.0,8031.312988,1.791039138,Safe,Mandya
INDOFLOODS-gauge-361-217,2017-10-12,2017-10-12,582.45,2017-10-12,1,58.15,2017-10-12,58.15,1,1,1,Flood,INDOFLOODS-gauge-361,582.25,582.5,T.k.halli,12.4167,77.1925,Cauvery/Shimsha,Cauvery,Karnataka,12-06-1978,27-05-2020,14021,14063,Open,7890.0,8031.312988,1.791039138,Safe,Mandya
INDOFLOODS-gauge-361-218,2017-10-16,2017-10-18,582.75,2017-10-16,1,93.83,2017-10-16,182.23,3,1,3,Severe Flood,INDOFLOODS-gauge-361,582.25,582.5,T.k.halli,12.4167,77.1925,Cauvery/Shimsha,Cauvery,Karnataka,12-06-1978,27-05-2020,14021,14063,Open,7890.0,8031.312988,1.791039138,Safe,Mandya
INDOFLOODS-gauge-361-219,2017-11-25,2017-12-02,583.11,2017-11-25,8,68.73,2017-11-25,549.84,8,1,8,Severe Flood,INDOFLOODS-gauge-361,582.25,582.5,T.k.halli,12.4167,77.1925,Cauvery/Shimsha,Cauvery,Karnataka,12-06-1978,27-05-2020,14021,14063,Open,7890.0,8031.312988,1.791039138,Safe,Mandya
INDOFLOODS-gauge-363-14,2016-07-21,2016-07-21,397.66,2016-07-21,1,1383.61,2016-07-21,1383.61,1,1,1,Flood,INDOFLOODS-gauge-363,397.0,398.0,Malkhed,17.2031,77.1572,Krishna/Bhima/Ka gna,Krishna,Karnataka,15-08-1990,20-08-2019,10206,10416,Open,7650.0,8276.728516,8.192529621,Safe,Kalaburagi
INDOFLOODS-gauge-363-15,2016-09-15,2016-09-15,397.4,2016-09-15,1,1304.93,2016-09-15,1304.93,1,1,1,Flood,INDOFLOODS-gauge-363,397.0,398.0,Malkhed,17.2031,77.1572,Krishna/Bhima/Ka gna,Krishna,Karnataka,15-08-1990,20-08-2019,10206,10416,Open,7650.0,8276.728516,8.192529621,Safe,Kalaburagi
INDOFLOODS-gauge-363-16,2016-09-23,2016-09-25,400.65,2016-09-24,2,2611.2,2016-09-24,7192.5,3,2,2,Severe Flood,INDOFLOODS-gauge-363,397.0,398.0,Malkhed,17.2031,77.1572,Krishna/Bhima/Ka gna,Krishna,Karnataka,15-08-1990,20-08-2019,10206,10416,Open,7650.0,8276.728516,8.192529621,Safe,Kalaburagi
INDOFLOODS-gauge-364-171,2018-07-07,2018-07-07,7.69,2018-07-07,1,2283.55,2018-07-07,2283.55,1,1,1,Flood,INDOFLOODS-gauge-364,7.0,9.0,Bantwal,12.8844,75.0431,Nethravathi,West flowing rivers from Tadri to Kanyakumari,Karnataka,01-11-1970,27-05-2020,17567,17159,Open,3184.0,3250.029541,2.073792117,Safe,Dakshina Kannada
INDOFLOODS-gauge-364-172,2018-07-14,2018-07-14,7.1,2018-07-14,1,2301.69,2018-07-14,2301.69,1,1,1,Flood,INDOFLOODS-gauge-364,7.0,9.0,Bantwal,12.8844,75.0431,Nethravathi,West flowing rivers from Tadri to Kanyakumari,Karnataka,01-11-1970,27-05-2020,17567,17159,Open,3184.0,3250.029541,2.073792117,Safe,Dakshina Kannada
INDOFLOODS-gauge-364-173,2018-08-08,2018-08-09,7.89,2018-08-09,1,2880.53,2018-08-09,4183.98,2,2,1,Flood,INDOFLOODS-gauge-364,7.0,9.0,Bantwal,12.8844,75.0431,Nethravathi,West flowing rivers from Tadri to Kanyakumari,Karnataka,01-11-1970,27-05-2020,17567,17159,Open,3184.0,3250.029541,2.073792117,Safe,Dakshina Kannada
INDOFLOODS-gauge-364-174,2018-08-12,2018-08-19,10.68,2018-08-16,1,3722.08,2018-08-17,13138.73,8,5,4,Severe Flood,INDOFLOODS-gauge-364,7.0,9.0,Bantwal,12.8844,75.0431,Nethravathi,West flowing rivers from Tadri to Kanyakumari,Karnataka,01-11-1970,27-05-2020,17567,17159,Open,3184.0,3250.029541,2.073792117,Safe,Dakshina Kannada
INDOFLOODS-gauge-364-175,2019-08-06,2019-08-10,10.87,2019-08-09,1,,,,5,4,2,Severe Flood,INDOFLOODS-gauge-364,7.0,9.0,Bantwal,12.8844,75.0431,Nethravathi,West flowing rivers from Tadri to Kanyakumari,Karnataka,01-11-1970,27-05-2020,17567,17159,Open,3184.0,3250.029541,2.073792117,Safe,Dakshina Kannada
INDOFLOODS-gauge-367-1,2018-09-15,2018-09-16,657.76,2018-09-15,2,,,,2,1,2,Severe Flood,INDOFLOODS-gauge-367,657.75,657.75,Bhadra dam,13.7,75.64,Krishna,Krishna,Karnataka,01-01-2018,27-05-2020,695,0,Open,,2010.45813,,Caution,Tarikere taluku
INDOFLOODS-gauge-370-1,2018-01-08,2018-01-15,83.35,2018-01-08,8,,,,8,1,8,Severe Flood,INDOFLOODS-gauge-370,77.87,78.87,Pulikukku,14.03,75.29,Kumaradhara,West flowing rivers from Tadri to Kanyakumari,Karnataka,08-01-2018,27-05-2020,330,0,Open,,24.7110157,,Caution,Hosanagara taluk
INDOFLOODS-gauge-370-2,2018-01-22,2018-01-29,83.3,2018-01-22,8,,,,8,1,8,Severe Flood,INDOFLOODS-gauge-370,77.87,78.87,Pulikukku,14.03,75.29,Kumaradhara,West flowing rivers from Tadri to Kanyakumari,Karnataka,08-01-2018,27-05-2020,330,0,Open,,24.7110157,,Caution,Hosanagara taluk
INDOFLOODS-gauge-370-3,2018-02-05,2018-02-12,83.27,2018-02-05,8,,,,8,1,8,Severe Flood,INDOFLOODS-gauge-370,77.87,78.87,Pulikukku,14.03,75.29,Kumaradhara,West flowing rivers from Tadri to Kanyakumari,Karnataka,08-01-2018,27-05-2020,330,0,Open,,24.7110157,,Caution,Hosanagara taluk
INDOFLOODS-gauge-370-4,2018-02-19,2018-02-26,83.2,2018-02-19,8,,,,8,1,8,Severe Flood,INDOFLOODS-gauge-370,77.87,78.87,Pulikukku,14.03,75.29,Kumaradhara,West flowing rivers from Tadri to Kanyakumari,Karnataka,08-01-2018,27-05-2020,330,0,Open,,24.7110157,,Caution,Hosanagara taluk
INDOFLOODS-gauge-370-5,2018-03-05,2018-03-12,83.11,2018-03-05,8,,,,8,1,8,Severe Flood,INDOFLOODS-gauge-370,77.87,78.87,Pulikukku,14.03,75.29,Kumaradhara,West flowing rivers from Tadri to Kanyakumari,Karnataka,08-01-2018,27-05-2020,330,0,Open,,24.7110157,,Caution,Hosanagara taluk
INDOFLOODS-gauge-370-6,2018-03-19,2018-03-26,83.0,2018-03-19,8,,,,8,1,8,Severe Flood,INDOFLOODS-gauge-370,77.87,78.87,Pulikukku,14.03,75.29,Kumaradhara,West flowing rivers from Tadri to Kanyakumari,Karnataka,08-01-2018,27-05-2020,330,0,Open,,24.7110157,,Caution,Hosanagara taluk
INDOFLOODS-gauge-370-7,2018-04-02,2018-04-09,82.88,2018-04-02,8,,,,8,1,8,Severe Flood,INDOFLOODS-gauge-370,77.87,78.87,Pulikukku,14.03,75.29,Kumaradhara,West flowing rivers from Tadri to Kanyakumari,Karnataka,08-01-2018,27-05-2020,330,0,Open,,24.7110157,,Caution,Hosanagara taluk
INDOFLOODS-gauge-370-8,2018-04-16,2018-04-23,82.73,2018-04-16,8,,,,8,1,8,Severe Flood,INDOFLOODS-gauge-370,77.87,78.87,Pulikukku,14.03,75.29,Kumaradhara,West flowing rivers from Tadri to Kanyakumari,Karnataka,08-01-2018,27-05-2020,330,0,Open,,24.7110157,,Caution,Hosanagara taluk
INDOFLOODS-gauge-370-9,2018-05-01,2018-05-08,82.95,2018-05-01,8,,,,8,1,8,Severe Flood,INDOFLOODS-gauge-370,77.87,78.87,Pulikukku,14.03,75.29,Kumaradhara,West flowing rivers from Tadri to Kanyakumari,Karnataka,08-01-2018,27-05-2020,330,0,Open,,24.7110157,,Caution,Hosanagara taluk
INDOFLOODS-gauge-370-10,2018-07-09,2018-07-16,87.34,2018-07-09,8,,,,8,1,8,Severe Flood,INDOFLOODS-gauge-370,77.87,78.87,Pulikukku,14.03,75.29,Kumaradhara,West flowing rivers from Tadri to Kanyakumari,Karnataka,08-01-2018,27-05-2020,330,0,Open,,24.7110157,,Caution,Hosanagara taluk
INDOFLOODS-gauge-370-11,2018-07-23,2018-07-30,84.76,2018-07-23,8,,,,8,1,8,Severe Flood,INDOFLOODS-gauge-370,77.87,78.87,Pulikukku,14.03,75.29,Kumaradhara,West flowing rivers from Tadri to Kanyakumari,Karnataka,08-01-2018,27-05-2020,330,0,Open,,24.7110157,,Caution,Hosanagara taluk
INDOFLOODS-gauge-370-12,2018-11-12,2018-11-19,83.67,2018-11-12,8,,,,8,1,8,Severe Flood,INDOFLOODS-gauge-370,77.87,78.87,Pulikukku,14.03,75.29,Kumaradhara,West flowing rivers from Tadri to Kanyakumari,Karnataka,08-01-2018,27-05-2020,330,0,Open,,24.7110157,,Caution,Hosanagara taluk
INDOFLOODS-gauge-370-13,2018-11-26,2018-12-03,83.33,2018-11-26,8,,,,8,1,8,Severe Flood,INDOFLOODS-gauge-370,77.87,78.87,Pulikukku,14.03,75.29,Kumaradhara,West flowing rivers from Tadri to Kanyakumari,Karnataka,08-01-2018,27-05-2020,330,0,Open,,24.7110157,,Caution,Hosanagara taluk
INDOFLOODS-gauge-370-14,2018-12-10,2018-12-17,83.49,2018-12-10,8,,,,8,1,8,Severe Flood,INDOFLOODS-gauge-370,77.87,78.87,Pulikukku,14.03,75.29,Kumaradhara,West flowing rivers from Tadri to Kanyakumari,Karnataka,08-01-2018,27-05-2020,330,0,Open,,24.7110157,,Caution,Hosanagara taluk
INDOFLOODS-gauge-370-15,2018-12-24,2018-12-31,83.09,2018-12-24,8,,,,8,1,8,Severe Flood,INDOFLOODS-gauge-370,77.87,78.87,Pulikukku,14.03,75.29,Kumaradhara,West flowing rivers from Tadri to Kanyakumari,Karnataka,08-01-2018,27-05-2020,330,0,Open,,24.7110157,,Caution,Hosanagara taluk
INDOFLOODS-gauge-370-16,2019-02-04,2019-02-11,82.87,2019-02-04,8,,,,8,1,8,Severe Flood,INDOFLOODS-gauge-370,77.87,78.87,Pulikukku,14.03,75.29,Kumaradhara,West flowing rivers from Tadri to Kanyakumari,Karnataka,08-01-2018,27-05-2020,330,0,Open,,24.7110157,,Caution,Hosanagara taluk
INDOFLOODS-gauge-370-17,2019-02-18,2019-02-25,83.02,2019-02-18,8,,,,8,1,8,Severe Flood,INDOFLOODS-gauge-370,77.87,78.87,Pulikukku,14.03,75.29,Kumaradhara,West flowing rivers from Tadri to Kanyakumari,Karnataka,08-01-2018,27-05-2020,330,0,Open,,24.7110157,,Caution,Hosanagara taluk
INDOFLOODS-gauge-370-18,2019-03-04,2019-03-11,83.0,2019-03-04,8,,,,8,1,8,Severe Flood,INDOFLOODS-gauge-370,77.87,78.87,Pulikukku,14.03,75.29,Kumaradhara,West flowing rivers from Tadri to Kanyakumari,Karnataka,08-01-2018,27-05-2020,330,0,Open,,24.7110157,,Caution,Hosanagara taluk
INDOFLOODS-gauge-370-19,2019-03-18,2019-03-25,82.27,2019-03-18,8,,,,8,1,8,Severe Flood,INDOFLOODS-gauge-370,77.87,78.87,Pulikukku,14.03,75.29,Kumaradhara,West flowing rivers from Tadri to Kanyakumari,Karnataka,08-01-2018,27-05-2020,330,0,Open,,24.7110157,,Caution,Hosanagara taluk
INDOFLOODS-gauge-370-20,2019-04-01,2019-04-08,82.75,2019-04-01,8,,,,8,1,8,Severe Flood,INDOFLOODS-gauge-370,77.87,78.87,Pulikukku,14.03,75.29,Kumaradhara,West flowing rivers from Tadri to Kanyakumari,Karnataka,08-01-2018,27-05-2020,330,0,Open,,24.7110157,,Caution,Hosanagara taluk
INDOFLOODS-gauge-370-21,2019-04-15,2019-04-22,82.9,2019-04-15,8,,,,8,1,8,Severe Flood,INDOFLOODS-gauge-370,77.87,78.87,Pulikukku,14.03,75.29,Kumaradhara,West flowing rivers from Tadri to Kanyakumari,Karnataka,08-01-2018,27-05-2020,330,0,Open,,24.7110157,,Caution,Hosanagara taluk
INDOFLOODS-gauge-370-22,2019-06-25,2019-06-30,84.03,2019-06-30,1,,,,6,6,1,Severe Flood,INDOFLOODS-gauge-370,77.87,78.87,Pulikukku,14.03,75.29,Kumaradhara,West flowing rivers from Tadri to Kanyakumari,Karnataka,08-01-2018,27-05-2020,330,0,Open,,24.7110157,,Caution,Hosanagara taluk
INDOFLOODS-gauge-370-23,2019-08-01,2019-08-20,89.83,2019-08-09,1,,,,20,9,12,Severe Flood,INDOFLOODS-gauge-370,77.87,78.87,Pulikukku,14.03,75.29,Kumaradhara,West flowing rivers from Tadri to Kanyakumari,Karnataka,08-01-2018,27-05-2020,330,0,Open,,24.7110157,,Caution,Hosanagara taluk
INDOFLOODS-gauge-370-24,2020-05-19,2020-05-27,83.68,2020-05-19,1,,,,9,1,9,Severe Flood,INDOFLOODS-gauge-370,77.87,78.87,Pulikukku,14.03,75.29,Kumaradhara,West flowing rivers from Tadri to Kanyakumari,Karnataka,08-01-2018,27-05-2020,330,0,Open,,24.7110157,,Caution,Hosanagara taluk
INDOFLOODS-gauge-372-62,2016-06-29,2016-06-29,3.73,2016-06-29,1,644.41,2016-06-29,644.41,1,1,1,Flood,INDOFLOODS-gauge-372,3.5,6.5,Addoor,12.9303,74.9531,Gurupur,West flowing rivers from Tadri to Kanyakumari,Karnataka,17-07-2003,27-05-2020,5345,5161,Open,688.0,689.8464355,0.268377253,Safe,Dakshina Kannada
INDOFLOODS-gauge-372-63,2016-07-05,2016-07-05,3.86,2016-07-05,1,577.53,2016-07-05,577.53,1,1,1,Flood,INDOFLOODS-gauge-372,3.5,6.5,Addoor,12.9303,74.9531,Gurupur,West flowing rivers from Tadri to Kanyakumari,Karnataka,17-07-2003,27-05-2020,5345,5161,Open,688.0,689.8464355,0.268377253,Safe,Dakshina Kannada
INDOFLOODS-gauge-372-64,2018-06-11,2018-06-11,3.8,2018-06-11,1,,,,1,1,1,Flood,INDOFLOODS-gauge-372,3.5,6.5,Addoor,12.9303,74.9531,Gurupur,West flowing rivers from Tadri to Kanyakumari,Karnataka,17-07-2003,27-05-2020,5345,5161,Open,688.0,689.8464355,0.268377253,Safe,Dakshina Kannada
INDOFLOODS-gauge-372-65,2018-06-13,2018-06-14,6.1,2018-06-14,1,992.54,2018-06-14,1149.91,2,2,1,Flood,INDOFLOODS-gauge-372,3.5,6.5,Addoor,12.9303,74.9531,Gurupur,West flowing rivers from Tadri to Kanyakumari,Karnataka,17-07-2003,27-05-2020,5345,5161,Open,688.0,689.8464355,0.268377253,Safe,Dakshina Kannada
INDOFLOODS-gauge-372-66,2018-06-20,2018-06-21,3.83,2018-06-20,1,305.18,2018-06-21,538.9,2,1,2,Flood,INDOFLOODS-gauge-372,3.5,6.5,Addoor,12.9303,74.9531,Gurupur,West flowing rivers from Tadri to Kanyakumari,Karnataka,17-07-2003,27-05-2020,5345,5161,Open,688.0,689.8464355,0.268377253,Safe,Dakshina Kannada
INDOFLOODS-gauge-372-67,2018-06-25,2018-06-29,5.32,2018-06-28,1,808.96,2018-06-28,2151.74,5,4,2,Flood,INDOFLOODS-gauge-372,3.5,6.5,Addoor,12.9303,74.9531,Gurupur,West flowing rivers from Tadri to Kanyakumari,Karnataka,17-07-2003,27-05-2020,5345,5161,Open,688.0,689.8464355,0.268377253,Safe,Dakshina Kannada
INDOFLOODS-gauge-372-68,2018-07-07,2018-07-07,5.16,2018-07-07,1,702.5,2018-07-07,702.5,1,1,1,Flood,INDOFLOODS-gauge-372,3.5,6.5,Addoor,12.9303,74.9531,Gurupur,West flowing rivers from Tadri to Kanyakumari,Karnataka,17-07-2003,27-05-2020,5345,5161,Open,688.0,689.8464355,0.268377253,Safe,Dakshina Kannada
INDOFLOODS-gauge-372-69,2018-07-19,2018-07-20,4.0,2018-07-20,1,522.83,2018-07-20,1007.52,2,2,1,Flood,INDOFLOODS-gauge-372,3.5,6.5,Addoor,12.9303,74.9531,Gurupur,West flowing rivers from Tadri to Kanyakumari,Karnataka,17-07-2003,27-05-2020,5345,5161,Open,688.0,689.8464355,0.268377253,Safe,Dakshina Kannada
INDOFLOODS-gauge-372-70,2018-08-08,2018-08-20,5.95,2018-08-16,1,716.79,2018-08-14,4741.27,13,9,5,Flood,INDOFLOODS-gauge-372,3.5,6.5,Addoor,12.9303,74.9531,Gurupur,West flowing rivers from Tadri to Kanyakumari,Karnataka,17-07-2003,27-05-2020,5345,5161,Open,688.0,689.8464355,0.268377253,Safe,Dakshina Kannada
INDOFLOODS-gauge-372-71,2019-07-19,2019-07-24,3.98,2019-07-22,1,,,,6,4,3,Flood,INDOFLOODS-gauge-372,3.5,6.5,Addoor,12.9303,74.9531,Gurupur,West flowing rivers from Tadri to Kanyakumari,Karnataka,17-07-2003,27-05-2020,5345,5161,Open,688.0,689.8464355,0.268377253,Safe,Dakshina Kannada
INDOFLOODS-gauge-372-72,2019-08-06,2019-08-06,4.3,2019-08-06,1,,,,1,1,1,Flood,INDOFLOODS-gauge-372,3.5,6.5,Addoor,12.9303,74.9531,Gurupur,West flowing rivers from Tadri to Kanyakumari,Karnataka,17-07-2003,27-05-2020,5345,5161,Open,688.0,689.8464355,0.268377253,Safe,Dakshina Kannada
INDOFLOODS-gauge-372-73,2019-08-09,2019-08-11,5.5,2019-08-10,1,,,,3,2,2,Flood,INDOFLOODS-gauge-372,3.5,6.5,Addoor,12.9303,74.9531,Gurupur,West flowing rivers from Tadri to Kanyakumari,Karnataka,17-07-2003,27-05-2020,5345,5161,Open,688.0,689.8464355,0.268377253,Safe,Dakshina Kannada
INDOFLOODS-gauge-376-4,2019-08-09,2019-08-20,358.14,2019-08-11,1,,,,12,3,10,Severe Flood,INDOFLOODS-gauge-376,355.24,356.24,Huvinhedigi,16.4911,76.9231,Krishna,Krishna,Karnataka,01-02-1976,27-05-2020,15993,15556,Open,55150.0,53425.38672,3.127131967,Safe,Shahapura taluku
INDOFLOODS-gauge-388-1,2019-05-06,2019-06-24,506.96,2019-05-23,1,,,,50,18,33,Severe Flood,INDOFLOODS-gauge-388,492.25,492.25,Narayanpur dam,16.1833,76.1833,Krishna,Krishna,Karnataka,16-12-2016,27-05-2020,837,13,Open,47850.0,45441.38281,5.033682738,Safe,Vijayapura
INDOFLOODS-gauge-388-2,2019-07-14,2019-07-14,505.0,2019-07-14,1,,,,1,1,1,Severe Flood,INDOFLOODS-gauge-388,492.25,492.25,Narayanpur dam,16.1833,76.1833,Krishna,Krishna,Karnataka,16-12-2016,27-05-2020,837,13,Open,47850.0,45441.38281,5.033682738,Safe,Vijayapura
INDOFLOODS-gauge-388-3,2019-07-23,2019-07-23,502.0,2019-07-23,1,,,,1,1,1,Severe Flood,INDOFLOODS-gauge-388,492.25,492.25,Narayanpur dam,16.1833,76.1833,Krishna,Krishna,Karnataka,16-12-2016,27-05-2020,837,13,Open,47850.0,45441.38281,5.033682738,Safe,Vijayapura
INDOFLOODS-gauge-388-4,2019-08-03,2019-08-03,503.0,2019-08-03,1,,,,1,1,1,Severe Flood,INDOFLOODS-gauge-388,492.25,492.25,Narayanpur dam,16.1833,76.1833,Krishna,Krishna,Karnataka,16-12-2016,27-05-2020,837,13,Open,47850.0,45441.38281,5.033682738,Safe,Vijayapura
INDOFLOODS-gauge-388-5,2019-08-07,2019-08-07,505.0,2019-08-07,1,,,,1,1,1,Severe Flood,INDOFLOODS-gauge-388,492.25,492.25,Narayanpur dam,16.1833,76.1833,Krishna,Krishna,Karnataka,16-12-2016,27-05-2020,837,13,Open,47850.0,45441.38281,5.033682738,Safe,Vijayapura
INDOFLOODS-gauge-388-6,2019-08-13,2019-08-27,504.0,2019-08-13,4,,,,15,1,15,Severe Flood,INDOFLOODS-gauge-388,492.25,492.25,Narayanpur dam,16.1833,76.1833,Krishna,Krishna,Karnataka,16-12-2016,27-05-2020,837,13,Open,47850.0,45441.38281,5.033682738,Safe,Vijayapura
INDOFLOODS-gauge-388-7,2019-09-22,2019-09-22,492.31,2019-09-22,1,,,,1,1,1,Severe Flood,INDOFLOODS-gauge-388,492.25,492.25,Narayanpur dam,16.1833,76.1833,Krishna,Krishna,Karnataka,16-12-2016,27-05-2020,837,13,Open,47850.0,45441.38281,5.033682738,Safe,Vijayapura
INDOFLOODS-gauge-388-8,2019-09-28,2019-09-30,492.27,2019-09-30,1,,,,3,3,1,Severe Flood,INDOFLOODS-gauge-388,492.25,492.25,Narayanpur dam,16.1833,76.1833,Krishna,Krishna,Karnataka,16-12-2016,27-05-2020,837,13,Open,47850.0,45441.38281,5.033682738,Safe,Vijayapura
INDOFLOODS-gauge-388-9,2019-10-03,2019-10-06,492.29,2019-10-04,2,,,,4,2,3,Severe Flood,INDOFLOODS-gauge-388,492.25,492.25,Narayanpur dam,16.1833,76.1833,Krishna,Krishna,Karnataka,16-12-2016,27-05-2020,837,13,Open,47850.0,45441.38281,5.033682738,Safe,Vijayapura
INDOFLOODS-gauge-388-10,2019-10-09,2019-10-09,492.26,2019-10-09,1,,,,1,1,1,Severe Flood,INDOFLOODS-gauge-388,492.25,492.25,Narayanpur dam,16.1833,76.1833,Krishna,Krishna,Karnataka,16-12-2016,27-05-2020,837,13,Open,47850.0,45441.38281,5.033682738,Safe,Vijayapura
INDOFLOODS-gauge-388-11,2019-10-14,2019-10-14,492.26,2019-10-14,1,,,,1,1,1,Severe Flood,INDOFLOODS-gauge-388,492.25,492.25,Narayanpur dam,16.1833,76.1833,Krishna,Krishna,Karnataka,16-12-2016,27-05-2020,837,13,Open,47850.0,45441.38281,5.033682738,Safe,Vijayapura
INDOFLOODS-gauge-388-12,2019-10-17,2019-10-17,492.28,2019-10-17,1,,,,1,1,1,Severe Flood,INDOFLOODS-gauge-388,492.25,492.25,Narayanpur dam,16.1833,76.1833,Krishna,Krishna,Karnataka,16-12-2016,27-05-2020,837,13,Open,47850.0,45441.38281,5.033682738,Safe,Vijayapura
INDOFLOODS-gauge-388-13,2019-10-19,2019-10-19,492.26,2019-10-19,1,,,,1,1,1,Severe Flood,INDOFLOODS-gauge-388,492.25,492.25,Narayanpur dam,16.1833,76.1833,Krishna,Krishna,Karnataka,16-12-2016,27-05-2020,837,13,Open,47850.0,45441.38281,5.033682738,Safe,Vijayapura
INDOFLOODS-gauge-388-14,2019-10-30,2019-11-06,492.32,2019-11-05,2,,,,8,7,2,Severe Flood,INDOFLOODS-gauge-388,492.25,492.25,Narayanpur dam,16.1833,76.1833,Krishna,Krishna,Karnataka,16-12-2016,27-05-2020,837,13,Open,47850.0,45441.38281,5.033682738,Safe,Vijayapura
INDOFLOODS-gauge-388-15,2019-11-08,2019-11-08,492.31,2019-11-08,1,,,,1,1,1,Severe Flood,INDOFLOODS-gauge-388,492.25,492.25,Narayanpur dam,16.1833,76.1833,Krishna,Krishna,Karnataka,16-12-2016,27-05-2020,837,13,Open,47850.0,45441.38281,5.033682738,Safe,Vijayapura
INDOFLOODS-gauge-388-16,2019-11-11,2019-11-11,492.26,2019-11-11,1,,,,1,1,1,Severe Flood,INDOFLOODS-gauge-388,492.25,492.25,Narayanpur dam,16.1833,76.1833,Krishna,Krishna,Karnataka,16-12-2016,27-05-2020,837,13,Open,47850.0,45441.38281,5.033682738,Safe,Vijayapura
INDOFLOODS-gauge-388-17,2019-11-13,2019-11-13,492.27,2019-11-13,1,,,,1,1,1,Severe Flood,INDOFLOODS-gauge-388,492.25,492.25,Narayanpur dam,16.1833,76.1833,Krishna,Krishna,Karnataka,16-12-2016,27-05-2020,837,13,Open,47850.0,45441.38281,5.033682738,Safe,Vijayapura
INDOFLOODS-gauge-388-18,2020-04-30,2020-05-01,497.0,2020-04-30,2,,,,2,1,2,Severe Flood,INDOFLOODS-gauge-388,492.25,492.25,Narayanpur dam,16.1833,76.1833,Krishna,Krishna,Karnataka,16-12-2016,27-05-2020,837,13,Open,47850.0,45441.38281,5.033682738,Safe,Vijayapura
INDOFLOODS-gauge-394-410,2016-09-09,2016-09-13,259.35,2016-09-10,1,470.15,2016-09-10,2290.2,5,2,4,Flood,INDOFLOODS-gauge-394,259.2,262.0,Biligundulu,12.18,77.73,Cauvery,Cauvery,Karnataka,30-08-1971,27-05-2020,17715,17273,Open,36682.0,36889.80078,0.566492503,Safe,Anchetty
INDOFLOODS-gauge-394-411,2017-08-16,2017-08-16,259.3,2017-08-16,1,449.89,2017-08-16,449.89,1,1,1,Flood,INDOFLOODS-gauge-394,259.2,262.0,Biligundulu,12.18,77.73,Cauvery,Cauvery,Karnataka,30-08-1971,27-05-2020,17715,17273,Open,36682.0,36889.80078,0.566492503,Safe,Anchetty
INDOFLOODS-gauge-394-412,2017-09-03,2017-09-03,259.52,2017-09-03,1,557.23,2017-09-03,557.23,1,1,1,Flood,INDOFLOODS-gauge-394,259.2,262.0,Biligundulu,12.18,77.73,Cauvery,Cauvery,Karnataka,30-08-1971,27-05-2020,17715,17273,Open,36682.0,36889.80078,0.566492503,Safe,Anchetty
INDOFLOODS-gauge-394-413,2017-09-06,2017-09-07,259.82,2017-09-07,1,705.87,2017-09-07,1150.51,2,2,1,Flood,INDOFLOODS-gauge-394,259.2,262.0,Biligundulu,12.18,77.73,Cauvery,Cauvery,Karnataka,30-08-1971,27-05-2020,17715,17273,Open,36682.0,36889.80078,0.566492503,Safe,Anchetty
INDOFLOODS-gauge-394-414,2017-09-09,2017-09-09,259.21,2017-09-09,1,420.52,2017-09-09,420.52,1,1,1,Flood,INDOFLOODS-gauge-394,259.2,262.0,Biligundulu,12.18,77.73,Cauvery,Cauvery,Karnataka,30-08-1971,27-05-2020,17715,17273,Open,36682.0,36889.80078,0.566492503,Safe,Anchetty
INDOFLOODS-gauge-394-415,2017-09-11,2017-09-11,259.57,2017-09-11,1,574.02,2017-09-11,574.02,1,1,1,Flood,INDOFLOODS-gauge-394,259.2,262.0,Biligundulu,12.18,77.73,Cauvery,Cauvery,Karnataka,30-08-1971,27-05-2020,17715,17273,Open,36682.0,36889.80078,0.566492503,Safe,Anchetty
INDOFLOODS-gauge-394-416,2017-09-26,2017-10-01,260.84,2017-09-28,1,1333.0,2017-09-28,4659.29,6,3,4,Flood,INDOFLOODS-gauge-394,259.2,262.0,Biligundulu,12.18,77.73,Cauvery,Cauvery,Karnataka,30-08-1971,27-05-2020,17715,17273,Open,36682.0,36889.80078,0.566492503,Safe,Anchetty
INDOFLOODS-gauge-394-417,2017-10-06,2017-10-09,259.94,2017-10-06,1,756.45,2017-10-06,2784.86,4,1,4,Flood,INDOFLOODS-gauge-394,259.2,262.0,Biligundulu,12.18,77.73,Cauvery,Cauvery,Karnataka,30-08-1971,27-05-2020,17715,17273,Open,36682.0,36889.80078,0.566492503,Safe,Anchetty
INDOFLOODS-gauge-394-418,2017-10-11,2017-10-16,259.86,2017-10-15,1,721.14,2017-10-15,3514.36,6,5,2,Flood,INDOFLOODS-gauge-394,259.2,262.0,Biligundulu,12.18,77.73,Cauvery,Cauvery,Karnataka,30-08-1971,27-05-2020,17715,17273,Open,36682.0,36889.80078,0.566492503,Safe,Anchetty
INDOFLOODS-gauge-394-419,2018-07-09,2018-07-31,262.93,2018-07-16,1,3160.5,2018-07-18,34531.63,23,8,16,Severe Flood,INDOFLOODS-gauge-394,259.2,262.0,Biligundulu,12.18,77.73,Cauvery,Cauvery,Karnataka,30-08-1971,27-05-2020,17715,17273,Open,36682.0,36889.80078,0.566492503,Safe,Anchetty
INDOFLOODS-gauge-395-8,2017-07-24,2017-07-25,546.43,2017-07-24,2,23641.82,2017-07-24,47283.64,2,1,2,Severe Flood,INDOFLOODS-gauge-395,537.8,538.8,Sadalga (seasonal),16.5639,74.5275,Krishna/ Dudhganga,Krishna,Karnataka,01-06-1969,27-05-2020,13727,15634,Open,2322.0,2236.875732,3.665989147,Safe,Belagavi
INDOFLOODS-gauge-395-9,2019-08-06,2019-08-20,540.58,2019-08-10,1,,,,15,5,11,Severe Flood,INDOFLOODS-gauge-395,537.8,538.8,Sadalga (seasonal),16.5639,74.5275,Krishna/ Dudhganga,Krishna,Karnataka,01-06-1969,27-05-2020,13727,15634,Open,2322.0,2236.875732,3.665989147,Safe,Belagavi
INDOFLOODS-gauge-396-120,2016-06-29,2016-06-29,20.53,2016-06-29,1,264.19,2016-06-29,264.19,1,1,1,Flood,INDOFLOODS-gauge-396,20.5,23.0,Yennehole,13.2942,74.9808,Swarna/Yennehole,West flowing rivers from Tadri to Kanyakumari,Karnataka,24-07-1989,27-05-2020,10807,10581,Open,327.0,346.3018188,5.902696881,Safe,Udupi
INDOFLOODS-gauge-396-121,2016-07-04,2016-07-05,21.38,2016-07-05,1,803.22,2016-07-05,1324.6,2,2,1,Flood,INDOFLOODS-gauge-396,20.5,23.0,Yennehole,13.2942,74.9808,Swarna/Yennehole,West flowing rivers from Tadri to Kanyakumari,Karnataka,24-07-1989,27-05-2020,10807,10581,Open,327.0,346.3018188,5.902696881,Safe,Udupi
INDOFLOODS-gauge-396-122,2016-07-11,2016-07-11,20.93,2016-07-11,1,648.41,2016-07-11,648.41,1,1,1,Flood,INDOFLOODS-gauge-396,20.5,23.0,Yennehole,13.2942,74.9808,Swarna/Yennehole,West flowing rivers from Tadri to Kanyakumari,Karnataka,24-07-1989,27-05-2020,10807,10581,Open,327.0,346.3018188,5.902696881,Safe,Udupi
INDOFLOODS-gauge-396-123,2016-07-16,2016-07-17,20.53,2016-07-16,2,264.32,2016-07-16,528.64,2,1,2,Flood,INDOFLOODS-gauge-396,20.5,23.0,Yennehole,13.2942,74.9808,Swarna/Yennehole,West flowing rivers from Tadri to Kanyakumari,Karnataka,24-07-1989,27-05-2020,10807,10581,Open,327.0,346.3018188,5.902696881,Safe,Udupi
INDOFLOODS-gauge-396-124,2017-06-26,2017-06-26,21.32,2017-06-26,1,0.0,2017-06-26,,1,1,1,Flood,INDOFLOODS-gauge-396,20.5,23.0,Yennehole,13.2942,74.9808,Swarna/Yennehole,West flowing rivers from Tadri to Kanyakumari,Karnataka,24-07-1989,27-05-2020,10807,10581,Open,327.0,346.3018188,5.902696881,Safe,Udupi
INDOFLOODS-gauge-396-125,2017-07-20,2017-07-20,21.18,2017-07-20,1,466.27,2017-07-20,466.27,1,1,1,Flood,INDOFLOODS-gauge-396,20.5,23.0,Yennehole,13.2942,74.9808,Swarna/Yennehole,West flowing rivers from Tadri to Kanyakumari,Karnataka,24-07-1989,27-05-2020,10807,10581,Open,327.0,346.3018188,5.902696881,Safe,Udupi
INDOFLOODS-gauge-396-126,2017-08-04,2017-08-05,20.59,2017-08-05,1,316.62,2017-08-05,628.56,2,2,1,Flood,INDOFLOODS-gauge-396,20.5,23.0,Yennehole,13.2942,74.9808,Swarna/Yennehole,West flowing rivers from Tadri to Kanyakumari,Karnataka,24-07-1989,27-05-2020,10807,10581,Open,327.0,346.3018188,5.902696881,Safe,Udupi
INDOFLOODS-gauge-396-127,2018-07-06,2018-07-07,22.0,2018-07-07,1,838.09,2018-07-07,1091.19,2,2,1,Flood,INDOFLOODS-gauge-396,20.5,23.0,Yennehole,13.2942,74.9808,Swarna/Yennehole,West flowing rivers from Tadri to Kanyakumari,Karnataka,24-07-1989,27-05-2020,10807,10581,Open,327.0,346.3018188,5.902696881,Safe,Udupi
INDOFLOODS-gauge-396-128,2018-07-11,2018-07-11,20.62,2018-07-11,1,399.3,2018-07-11,399.3,1,1,1,Flood,INDOFLOODS-gauge-396,20.5,23.0,Yennehole,13.2942,74.9808,Swarna/Yennehole,West flowing rivers from Tadri to Kanyakumari,Karnataka,24-07-1989,27-05-2020,10807,10581,Open,327.0,346.3018188,5.902696881,Safe,Udupi
INDOFLOODS-gauge-396-129,2018-07-13,2018-07-14,21.2,2018-07-14,1,649.9,2018-07-14,1214.97,2,2,1,Flood,INDOFLOODS-gauge-396,20.5,23.0,Yennehole,13.2942,74.9808,Swarna/Yennehole,West flowing rivers from Tadri to Kanyakumari,Karnataka,24-07-1989,27-05-2020,10807,10581,Open,327.0,346.3018188,5.902696881,Safe,Udupi
INDOFLOODS-gauge-396-130,2018-07-18,2018-07-18,20.69,2018-07-18,1,415.26,2018-07-18,415.26,1,1,1,Flood,INDOFLOODS-gauge-396,20.5,23.0,Yennehole,13.2942,74.9808,Swarna/Yennehole,West flowing rivers from Tadri to Kanyakumari,Karnataka,24-07-1989,27-05-2020,10807,10581,Open,327.0,346.3018188,5.902696881,Safe,Udupi
INDOFLOODS-gauge-396-131,2019-08-05,2019-08-10,22.2,2019-08-09,1,,,,6,5,2,Flood,INDOFLOODS-gauge-396,20.5,23.0,Yennehole,13.2942,74.9808,Swarna/Yennehole,West flowing rivers from Tadri to Kanyakumari,Karnataka,24-07-1989,27-05-2020,10807,10581,Open,327.0,346.3018188,5.902696881,Safe,Udupi
INDOFLOODS-gauge-397-75,2016-07-13,2016-07-14,542.37,2016-07-14,1,510.85,2016-07-13,1020.91,2,2,1,Flood,INDOFLOODS-gauge-397,542.0,544.0,Gokak falls,16.19,74.7914,Krishna/ Ghataprabha,Krishna,Karnataka,14-07-1971,20-08-2019,14284,14064,Open,2770.0,2771.248779,0.045082274,Safe,Belagavi
INDOFLOODS-gauge-397-76,2016-08-07,2016-08-07,542.05,2016-08-07,1,450.0,2016-08-07,450.0,1,1,1,Flood,INDOFLOODS-gauge-397,542.0,544.0,Gokak falls,16.19,74.7914,Krishna/ Ghataprabha,Krishna,Karnataka,14-07-1971,20-08-2019,14284,14064,Open,2770.0,2771.248779,0.045082274,Safe,Belagavi
INDOFLOODS-gauge-397-77,2018-07-17,2018-07-18,542.38,2018-07-18,1,490.94,2018-07-18,960.94,2,2,1,Flood,INDOFLOODS-gauge-397,542.0,544.0,Gokak falls,16.19,74.7914,Krishna/ Ghataprabha,Krishna,Karnataka,14-07-1971,20-08-2019,14284,14064,Open,2770.0,2771.248779,0.045082274,Safe,Belagavi
INDOFLOODS-gauge-397-78,2019-08-02,2019-08-20,553.48,2019-08-10,1,,,,19,9,11,Severe Flood,INDOFLOODS-gauge-397,542.0,544.0,Gokak falls,16.19,74.7914,Krishna/ Ghataprabha,Krishna,Karnataka,14-07-1971,20-08-2019,14284,14064,Open,2770.0,2771.248779,0.045082274,Safe,Belagavi
